id;unitid;firstname;lastname;status;employeeid;role;designation;vistdate
1;bi-directi;FTP Market;Customer C;Rustic Metal Bike Fantastic;Intelligen;Data Visio;neural pay;2021-01-01
2;bypassing ;Ergonomic ;cross-plat;Sleek sexy;function;UIC-Franc ;Communicat;2021-01-02
3;Practical ;ivory Gorg;Generic we;flexibility syndicate Saudi Ar;Designer r;compressin;matrix;2021-01-02
4;Toys Phili;program;success;Tools copying Fall;calculatin;microchip;Unbranded;2021-01-02
5;port gener;Handmade C;calculatin;Rustic Granite Cheese open-sou;Keyboard R;holistic;Awesome;2021-01-02
6;National F;pixel;Borders Om;ivory;Granite;transmitte;enable;2021-01-02
7;enhance;Assurance ;seize;Functionality Outdoors Concret;Investor C;Awesome Gr;Rubber Ber;2021-01-02
8;support;program so;aggregate;Borders back up systematic;Tasty;Kids;Landing;2021-01-01
9;Auto Loan ;revolution;monitor Le;syndicate;back-end;Quetzal Gl;invoice;2021-01-01
10;Saudi Arab;Division o;Dynamic Tr;Personal Loan Account Central;withdrawal;needs-base;Car;2021-01-02
